symbol,ensembl_id
PPP6C,ENSG00000119414
NUFIP2,ENSG00000108256
SLC41A3,ENSG00000114544
SF3B6,ENSG00000115128
BRF2,ENSG00000104221
RPS9,ENSG00000170889
RNF38,ENSG00000137075
TAF10,ENSG00000166337
POLR3C,ENSG00000186141
GLRA2,ENSG00000101958
THOC7,ENSG00000163634
CDC5L,ENSG00000096401
HMGN2,ENSG00000198830
GTF2I,ENSG00000263001
MAPT-AS1,ENSG00000264589
CX3CR1,ENSG00000168329
ASPM,ENSG00000066279
DYNLL1,ENSG00000088986
KCNQ2,ENSG00000075043
CAMTA2,ENSG00000108509
HEXIM1,ENSG00000186834
KCNJ15,ENSG00000157551
RPS29,ENSG00000213741
BUD31,ENSG00000106245
KRTCAP2,ENSG00000163463
NAA15,ENSG00000164134
SRSF10,ENSG00000188529
HIVEP2,ENSG00000010818
HMGN1,ENSG00000205581
RPL36,ENSG00000130255
EMC6,ENSG00000127774
BCL7C,ENSG00000099385
PSMD12,ENSG00000197170
DAPP1,ENSG00000070190
CMPK1,ENSG00000162368
PPP2R5A,ENSG00000066027
WASL,ENSG00000106299
MAPRE1,ENSG00000101367
ST8SIA2,ENSG00000140557
P4HB,ENSG00000185624
PSMB4,ENSG00000159377
CASC3,ENSG00000108349
PSMD7,ENSG00000103035
ELOB,ENSG00000103363
UBB,ENSG00000170315
KATNAL2,ENSG00000167216
SLC7A5,ENSG00000103257
VPS36,ENSG00000136100
SERF2,ENSG00000140264
BSG,ENSG00000172270
RCN1,ENSG00000049449
TNFAIP1,ENSG00000109079
FN3KRP,ENSG00000141560
CIC,ENSG00000079432
CENPB,ENSG00000125817
MYDGF,ENSG00000074842
NFIB,ENSG00000147862
IQGAP3,ENSG00000183856
PTPN11,ENSG00000179295
MED19,ENSG00000156603
SNX5,ENSG00000089006
FAM20B,ENSG00000116199
SSB,ENSG00000138385
YWHAB,ENSG00000166913
DISC1,ENSG00000162946
SLCO1B3,ENSG00000111700
SARAF,ENSG00000133872
RPA2,ENSG00000117748
HCN2,ENSG00000099822
DCTPP1,ENSG00000179958
MSANTD2,ENSG00000120458
GPHN,ENSG00000171723
BIRC6,ENSG00000115760
PTTG1IP,ENSG00000183255
IL1R2,ENSG00000115590
VPS26C,ENSG00000157538
TMEM208,ENSG00000168701
PABPC1,ENSG00000070756
TEK,ENSG00000120156
BTF3,ENSG00000145741
NDUFB10,ENSG00000140990
UBA1,ENSG00000130985
OAZ2,ENSG00000180304
PRMT9,ENSG00000164169
RNF10,ENSG00000022840
EAPP,ENSG00000129518
GAPDH,ENSG00000111640
OVCA2,ENSG00000262664
TPO,ENSG00000115705
HDLBP,ENSG00000115677
ARAF,ENSG00000078061
TMSB10,ENSG00000034510
WDR45,ENSG00000196998
POLA2,ENSG00000014138
SAFB2,ENSG00000130254
CPT2,ENSG00000157184
TSR3,ENSG00000007520
DDHD2,ENSG00000085788
NPIPA1,ENSG00000183426
COX17,ENSG00000138495
FKBP1A,ENSG00000088832
PCDH15,ENSG00000150275
INPP1,ENSG00000151689
NAV2,ENSG00000166833
SCN3A,ENSG00000153253
RAB4A,ENSG00000168118
SAMD4B,ENSG00000179134
TMEM219,ENSG00000149932
SKI,ENSG00000157933
OTX1,ENSG00000115507
YKT6,ENSG00000106636
SUPT6H,ENSG00000109111
SETDB2,ENSG00000136169
PHF7,ENSG00000010318
FRK,ENSG00000111816
NDUFAB1,ENSG00000004779
VPS13B,ENSG00000132549
DNAH3,ENSG00000158486
MAN1A2,ENSG00000198162
SARNP,ENSG00000205323
RPS21,ENSG00000171858
MLF2,ENSG00000089693
RRAGC,ENSG00000116954
COPS4,ENSG00000138663
ZCCHC17,ENSG00000121766
SOX5,ENSG00000134532
GNAS,ENSG00000087460
CCNI,ENSG00000118816
GOSR2,ENSG00000108433
TMEM14B,ENSG00000137210
CSRNP2,ENSG00000110925
USE1,ENSG00000053501
SENP5,ENSG00000119231
BLOC1S4,ENSG00000186222
SDF4,ENSG00000078808
UBQLN4,ENSG00000160803
USP34,ENSG00000115464
NIPA2,ENSG00000140157
RHBDD2,ENSG00000005486
UBE2H,ENSG00000186591
TCF4,ENSG00000196628
STK39,ENSG00000198648
CMPK2,ENSG00000134326
CIAO2A,ENSG00000166797
GPC4,ENSG00000076716
RPL24,ENSG00000114391
HECW2,ENSG00000138411
CCIN,ENSG00000185972
PIAS4,ENSG00000105229
DYNC1LI2,ENSG00000135720
GRIA2,ENSG00000120251
ACAP2,ENSG00000114331
RP9,ENSG00000164610
GRIN2B,ENSG00000273079
UBE2V1,ENSG00000244687
LRRC47,ENSG00000130764
ARMCX3,ENSG00000102401
PRKCB,ENSG00000166501
ZC3H11A,ENSG00000058673
CMAS,ENSG00000111726
KCTD7,ENSG00000243335
ITM2B,ENSG00000136156
ZNF22,ENSG00000165512
TPM3,ENSG00000143549
C9orf78,ENSG00000136819
KLHL21,ENSG00000162413
ARHGAP5,ENSG00000100852
PPP1R1B,ENSG00000131771
MFSD8,ENSG00000164073
NUTF2,ENSG00000102898
BAG6,ENSG00000204463
DRAP1,ENSG00000175550
ZNF626,ENSG00000188171
SLC9A9,ENSG00000181804
GRIA1,ENSG00000155511
UBE2J1,ENSG00000198833
CARD11,ENSG00000198286
VPS26A,ENSG00000122958
SRSF11,ENSG00000116754
PHF1,ENSG00000112511
DPP4,ENSG00000197635
UBXN1,ENSG00000162191
FAM168A,ENSG00000054965
GFAP,ENSG00000131095
DLG1,ENSG00000075711
RPA1,ENSG00000132383
POLR1D,ENSG00000186184
NSA2,ENSG00000164346
PSMD11,ENSG00000108671
LSM10,ENSG00000181817
NPAS2,ENSG00000170485
CCNL2,ENSG00000221978
KCNA2,ENSG00000177301
ATP6V0E1,ENSG00000113732
RNF168,ENSG00000163961
POLR2L,ENSG00000177700
POLR2J,ENSG00000005075
SMARCD2,ENSG00000108604
EPHB2,ENSG00000133216
MRPS9,ENSG00000135972
RPS8,ENSG00000142937
BZW1,ENSG00000082153
CUEDC2,ENSG00000107874
ZBED5,ENSG00000236287
CLPX,ENSG00000166855
USPL1,ENSG00000132952
DDX27,ENSG00000124228
ARF5,ENSG00000004059
EIF3A,ENSG00000107581
SLC12A5,ENSG00000124140
MRPL57,ENSG00000173141
ELL,ENSG00000105656
CEP135,ENSG00000174799
FNBP4,ENSG00000109920
EIF3M,ENSG00000149100
GIGYF2,ENSG00000204120
SUMO3,ENSG00000184900
CCAR2,ENSG00000158941
TRMT112,ENSG00000173113
RPL35,ENSG00000136942
DMXL2,ENSG00000104093
VEZF1,ENSG00000136451
MIR137,ENSG00000284202
SHANK2,ENSG00000162105
TRIM33,ENSG00000197323
REXO1,ENSG00000079313
PRPF18,ENSG00000165630
DMAC1,ENSG00000137038
KCMF1,ENSG00000176407
APBB1,ENSG00000166313
HABP4,ENSG00000130956
ENSA,ENSG00000143420
CAB39,ENSG00000135932
TERB2,ENSG00000167014
SRRM1,ENSG00000133226
SRP9,ENSG00000143742
SLC22A15,ENSG00000163393
MPHOSPH10,ENSG00000124383
PCDHA9,ENSG00000204961
PREP,ENSG00000085377
EDF1,ENSG00000107223
AGTR2,ENSG00000180772
RABAC1,ENSG00000105404
PCDHA2,ENSG00000204969
CACNA2D1,ENSG00000153956
MFAP1,ENSG00000140259
HTR3A,ENSG00000166736
NUMA1,ENSG00000137497
TMED10,ENSG00000170348
RPS28,ENSG00000233927
TARDBP,ENSG00000120948
OR2M4,ENSG00000171180
EIF2S1,ENSG00000134001
NFYB,ENSG00000120837
CNTN6,ENSG00000134115
CNTN2,ENSG00000184144
HIGD2A,ENSG00000146066
ZRANB2,ENSG00000132485
FOXP1,ENSG00000114861
PSMA2,ENSG00000106588
TALDO1,ENSG00000177156
CDH8,ENSG00000150394
RIMS1,ENSG00000079841
AKIRIN2,ENSG00000135334
GRIK2,ENSG00000164418
PON1,ENSG00000005421
CDC42BPB,ENSG00000198752
CHTF8,ENSG00000168802
DNAJC8,ENSG00000126698
RNF114,ENSG00000124226
CCNG1,ENSG00000113328
RNASEK,ENSG00000219200
CADPS,ENSG00000163618
EXOSC10,ENSG00000171824
SETD2,ENSG00000181555
PAH,ENSG00000171759
MRTFB,ENSG00000186260
MEGF11,ENSG00000157890
OSER1,ENSG00000132823
NBEA,ENSG00000172915
ZNF777,ENSG00000196453
MKX,ENSG00000150051
MED21,ENSG00000152944
RPN2,ENSG00000118705
TMEM259,ENSG00000182087
NTRK3,ENSG00000140538
DNMT3A,ENSG00000119772
MUC12,ENSG00000205277
CA6,ENSG00000131686
DLGAP2,ENSG00000198010
TIMM10,ENSG00000134809
PAIP1,ENSG00000172239
CASKIN1,ENSG00000167971
DLG4,ENSG00000132535
PITHD1,ENSG00000057757
MRPL21,ENSG00000197345
RPS2,ENSG00000140988
PBRM1,ENSG00000163939
CSNK2A2,ENSG00000070770
KCNQ3,ENSG00000184156
DPYSL2,ENSG00000092964
SERBP1,ENSG00000142864
NIPA1,ENSG00000170113
CLNS1A,ENSG00000074201
TATDN2,ENSG00000157014
CACNA1C,ENSG00000151067
PPIB,ENSG00000166794
ST3GAL5,ENSG00000115525
SERINC3,ENSG00000132824
PRPF8,ENSG00000174231
TSPYL1,ENSG00000189241
CALCOCO2,ENSG00000136436
TMEM203,ENSG00000187713
TMEM184B,ENSG00000198792
MAEA,ENSG00000090316
RPL18,ENSG00000063177
CPSF7,ENSG00000149532
SLITRK5,ENSG00000165300
PATJ,ENSG00000132849
KIF14,ENSG00000118193
CCDC88C,ENSG00000015133
CUL1,ENSG00000055130
SLC35A4,ENSG00000176087
PSMG3,ENSG00000157778
TMEM256,ENSG00000205544
DYDC1,ENSG00000170788
MUL1,ENSG00000090432
LSM14A,ENSG00000257103
G3BP2,ENSG00000138757
FAF2,ENSG00000113194
PPDPF,ENSG00000125534
RPRD2,ENSG00000163125
DCAF15,ENSG00000132017
CSDE1,ENSG00000009307
UQCR10,ENSG00000184076
BOD1,ENSG00000145919
FARSA,ENSG00000179115
JTB,ENSG00000143543
VTI1B,ENSG00000100568
OR52M1,ENSG00000197790
TMEM127,ENSG00000135956
MRPL49,ENSG00000149792
NPRL2,ENSG00000114388
RPS6KA3,ENSG00000177189
DPP3,ENSG00000254986
GINM1,ENSG00000055211
NDUFB1,ENSG00000183648
ATP1A3,ENSG00000105409
NPEPPS,ENSG00000141279
BTRC,ENSG00000166167
G3BP1,ENSG00000145907
RING1,ENSG00000204227
VAT1,ENSG00000108828
CDKN2AIPNL,ENSG00000237190
MYH4,ENSG00000264424
KLHL20,ENSG00000076321
XPOT,ENSG00000184575
EIF2S2,ENSG00000125977
ELAVL2,ENSG00000107105
EBF3,ENSG00000108001
OSBP,ENSG00000110048
TMEM131,ENSG00000075568
DST,ENSG00000151914
DOCK1,ENSG00000150760
CMIP,ENSG00000153815
ZBTB17,ENSG00000116809
AGO2,ENSG00000123908
TSPAN4,ENSG00000214063
PSMA6,ENSG00000100902
HNRNPH2,ENSG00000126945
DUT,ENSG00000128951
ZDHHC7,ENSG00000153786
TBCK,ENSG00000145348
CBX1,ENSG00000108468
SF3B3,ENSG00000189091
GABBR2,ENSG00000136928
RPL39,ENSG00000198918
KIAA1586,ENSG00000168116
PPIL4,ENSG00000131013
AIDA,ENSG00000186063
NACA,ENSG00000196531
LUC7L3,ENSG00000108848
LIN7B,ENSG00000104863
EHMT1,ENSG00000181090
KCNJ10,ENSG00000177807
ZNF827,ENSG00000151612
PPP2R1B,ENSG00000137713
CRK,ENSG00000167193
UPF3B,ENSG00000125351
PCDHA10,ENSG00000250120
EEF1G,ENSG00000254772
OXT,ENSG00000101405
FBH1,ENSG00000134452
ESD,ENSG00000139684
YJU2,ENSG00000105248
ATP5MC1,ENSG00000159199
C5orf15,ENSG00000113583
GTF2F2,ENSG00000188342
PDK2,ENSG00000005882
RPL19,ENSG00000108298
LSM12,ENSG00000161654
MRPS26,ENSG00000125901
FXR2,ENSG00000129245
KPNB1,ENSG00000108424
SSRP1,ENSG00000149136
VDAC1,ENSG00000213585
GRIK4,ENSG00000149403
MUC4,ENSG00000145113
SRPRB,ENSG00000144867
SGF29,ENSG00000176476
SCAF4,ENSG00000156304
GABRB2,ENSG00000145864
SYF2,ENSG00000117614
TBC1D22B,ENSG00000065491
C22orf39,ENSG00000242259
UBN2,ENSG00000157741
ACTN4,ENSG00000130402
RALBP1,ENSG00000017797
GOLGA3,ENSG00000090615
MAPK1IP1L,ENSG00000168175
PELP1,ENSG00000141456
DDX50,ENSG00000107625
USP48,ENSG00000090686
NUBP1,ENSG00000103274
PRPF38A,ENSG00000134748
MORF4L2,ENSG00000123562
CUL3,ENSG00000036257
DCTN6,ENSG00000104671
ADK,ENSG00000156110
U2AF1,ENSG00000160201
LEMD2,ENSG00000161904
CC2D1A,ENSG00000132024
FAU,ENSG00000149806
ANK3,ENSG00000151150
GADD45GIP1,ENSG00000179271
RNU2-2,ENSG00000222328
NUDT15,ENSG00000136159
DEAF1,ENSG00000177030
CACNB2,ENSG00000165995
NOL7,ENSG00000225921
PGLS,ENSG00000130313
PTPRC,ENSG00000081237
SIN3A,ENSG00000169375
SP2,ENSG00000167182
MRPL38,ENSG00000204316
GTF2B,ENSG00000137947
RNF19A,ENSG00000034677
PRMT1,ENSG00000126457
YY1,ENSG00000100811
VPS39,ENSG00000166887
AHSA1,ENSG00000100591
EXOC5,ENSG00000070367
MAP1LC3B,ENSG00000140941
ABCA10,ENSG00000154263
ANAPC13,ENSG00000129055
PCDHA7,ENSG00000204963
SLC7A7,ENSG00000155465
DSCAM,ENSG00000171587
KCNS3,ENSG00000170745
CYB5B,ENSG00000103018
CCDC50,ENSG00000152492
PPFIA1,ENSG00000131626
TRAF7,ENSG00000131653
TOP2B,ENSG00000077097
EPC2,ENSG00000135999
COL28A1,ENSG00000215018
MGST3,ENSG00000143198
ARID1B,ENSG00000049618
SLC35B1,ENSG00000121073
CD81,ENSG00000110651
UBC,ENSG00000150991
MCM3,ENSG00000112118
GTF2F1,ENSG00000125651
KPNA1,ENSG00000114030
KRR1,ENSG00000111615
STX1B,ENSG00000099365
SURF2,ENSG00000148291
KDM5B,ENSG00000117139
SLC25A22,ENSG00000177542
NIPBL,ENSG00000164190
MBD6,ENSG00000166987
GRIN1,ENSG00000176884
MAPKAPK2,ENSG00000162889
SND1,ENSG00000197157
PCDH10,ENSG00000138650
NFIC,ENSG00000141905
PRCC,ENSG00000143294
XPO1,ENSG00000082898
NME2,ENSG00000243678
ARHGAP32,ENSG00000134909
EIF4A1,ENSG00000161960
TMEM42,ENSG00000169964
KHDRBS2,ENSG00000112232
COPE,ENSG00000105669
SLC9A6,ENSG00000198689
RRP36,ENSG00000124541
MRPL18,ENSG00000112110
MCTS1,ENSG00000232119
SP1,ENSG00000185591
NOTCH1,ENSG00000148400
DLGAP1,ENSG00000170579
EIF1,ENSG00000173812
C6orf120,ENSG00000185127
RPL13,ENSG00000167526
HNRNPU,ENSG00000153187
TMED1,ENSG00000099203
RNF7,ENSG00000114125
COMMD6,ENSG00000188243
DLX3,ENSG00000064195
REEP3,ENSG00000165476
KPNA6,ENSG00000025800
TAOK2,ENSG00000149930
ADO,ENSG00000181915
DHX15,ENSG00000109606
PSMD10,ENSG00000101843
SPPL3,ENSG00000157837
TOMM20,ENSG00000173726
PSMA7,ENSG00000101182
ELOVL2,ENSG00000197977
CERS2,ENSG00000143418
CHMP2A,ENSG00000130724
WAC,ENSG00000095787
C14orf119,ENSG00000179933
DENND4B,ENSG00000198837
HNRNPA3,ENSG00000170144
QRICH1,ENSG00000198218
SHANK1,ENSG00000161681
HSD17B12,ENSG00000149084
COX6A1,ENSG00000111775
RPL36AL,ENSG00000165502
CNR1,ENSG00000118432
SETDB1,ENSG00000143379
PAF1,ENSG00000006712
KIF5B,ENSG00000170759
PPP1CC,ENSG00000186298
HMGB2,ENSG00000164104
PACS1,ENSG00000175115
OGA,ENSG00000198408
WRNIP1,ENSG00000124535
ENO1,ENSG00000074800
SPARCL1,ENSG00000152583
SLC25A6,ENSG00000292334
LMF2,ENSG00000100258
PGAM5,ENSG00000247077
ANKS1A,ENSG00000064999
TBCA,ENSG00000171530
PPP1R8,ENSG00000117751
BLCAP,ENSG00000166619
BST1,ENSG00000109743
AP3M1,ENSG00000185009
EID1,ENSG00000255302
RHOC,ENSG00000155366
GOLGB1,ENSG00000173230
AGMO,ENSG00000187546
SKP1,ENSG00000113558
ATPAF1,ENSG00000123472
EMC8,ENSG00000131148
EIF4B,ENSG00000063046
STIP1,ENSG00000168439
MYL6,ENSG00000092841
TSPAN3,ENSG00000140391
NSMCE3,ENSG00000185115
RPS27,ENSG00000177954
KDM4B,ENSG00000127663
KCNK7,ENSG00000173338
UQCRB,ENSG00000156467
GABRB3,ENSG00000166206
JARID2,ENSG00000008083
ATP6V1F,ENSG00000128524
PRPF39,ENSG00000185246
PRUNE2,ENSG00000106772
TPP1,ENSG00000166340
SH3RF3,ENSG00000172985
VASH1,ENSG00000071246
ABCA7,ENSG00000064687
APPL1,ENSG00000157500
PFN1,ENSG00000108518
ARIH2,ENSG00000177479
EIF3D,ENSG00000100353
NXPH1,ENSG00000122584
DLX6,ENSG00000006377
PHF5A,ENSG00000100410
MEIS2,ENSG00000134138
RPL22,ENSG00000116251
FAM220A,ENSG00000178397
RPL31,ENSG00000071082
AGAP3,ENSG00000133612
PRODH,ENSG00000100033
SLC6A4,ENSG00000108576
SLC1A1,ENSG00000106688
RNF187,ENSG00000168159
SUPT4H1,ENSG00000213246
PHF13,ENSG00000116273
UBAC1,ENSG00000130560
KBTBD2,ENSG00000170852
PRKAA1,ENSG00000132356
CNTN5,ENSG00000149972
TBC1D31,ENSG00000156787
TNRC6B,ENSG00000100354
PHB1,ENSG00000167085
RASSF5,ENSG00000266094
NSMCE4A,ENSG00000107672
GPBP1,ENSG00000062194
ZC3H3,ENSG00000014164
CAP1,ENSG00000131236
RPF1,ENSG00000117133
MPRIP,ENSG00000133030
SEC61B,ENSG00000106803
DIMT1,ENSG00000086189
SMIM26,ENSG00000232388
OTUD4,ENSG00000164164
CD320,ENSG00000167775
ATE1,ENSG00000107669
PSMD5,ENSG00000095261
SLC35E1,ENSG00000127526
VAMP3,ENSG00000049245
RPLP1,ENSG00000137818
PWP2,ENSG00000241945
ATP5PF,ENSG00000154723
PREB,ENSG00000138073
VBP1,ENSG00000155959
NDUFB4,ENSG00000065518
C1orf43,ENSG00000143612
IRF2BPL,ENSG00000119669
NDUFS3,ENSG00000213619
ITSN1,ENSG00000205726
URM1,ENSG00000167118
SCP2,ENSG00000116171
HPF1,ENSG00000056050
SMC3,ENSG00000108055
HNRNPM,ENSG00000099783
CLTA,ENSG00000122705
PYHIN1,ENSG00000163564
CTNNBL1,ENSG00000132792
CHTOP,ENSG00000160679
MAP3K3,ENSG00000198909
ZNF32,ENSG00000169740
MBD3,ENSG00000071655
ARHGAP11B,ENSG00000285077
CTSB,ENSG00000164733
CECR2,ENSG00000099954
INO80B,ENSG00000115274
CTCF,ENSG00000102974
ADSL,ENSG00000239900
ZYG11B,ENSG00000162378
BTBD1,ENSG00000064726
RAB11FIP5,ENSG00000135631
S100A6,ENSG00000197956
GDE1,ENSG00000006007
AGBL4,ENSG00000186094
PIP4P1,ENSG00000165782
AP2S1,ENSG00000042753
DAGLA,ENSG00000134780
TMX4,ENSG00000125827
PPID,ENSG00000171497
CHRNB3,ENSG00000147432
UBE2Z,ENSG00000159202
TUSC2,ENSG00000114383
NINL,ENSG00000101004
THAP12,ENSG00000137492
RXRB,ENSG00000204231
TRAPPC1,ENSG00000170043
GBE1,ENSG00000114480
NUDCD2,ENSG00000170584
ITPK1,ENSG00000100605
EMC2,ENSG00000104412
ELAVL3,ENSG00000196361
PPP2CB,ENSG00000104695
NFE2L3,ENSG00000050344
PYURF,ENSG00000145337
RPS18,ENSG00000231500
ADNP,ENSG00000101126
DNAJA2,ENSG00000069345
SLC4A10,ENSG00000144290
CEBPZOS,ENSG00000218739
GNAO1,ENSG00000087258
ODR4,ENSG00000157181
RGP1,ENSG00000107185
DENND6A,ENSG00000174839
MIB1,ENSG00000101752
RPS4X,ENSG00000198034
CORO1A,ENSG00000102879
PAFAH1B2,ENSG00000168092
KIAA2013,ENSG00000116685
SRRM2,ENSG00000167978
CHCHD1,ENSG00000172586
MTX2,ENSG00000128654
ZNF548,ENSG00000188785
NDUFA4,ENSG00000189043
WDR6,ENSG00000178252
EEF1D,ENSG00000104529
HTR1B,ENSG00000135312
HMGN4,ENSG00000182952
PLN,ENSG00000198523
NEGR1,ENSG00000172260
NCOR1,ENSG00000141027
CACTIN,ENSG00000105298
ESRRB,ENSG00000119715
CELF6,ENSG00000140488
DVL2,ENSG00000004975
ECPAS,ENSG00000136813
RAB39B,ENSG00000155961
MCRS1,ENSG00000187778
CUX1,ENSG00000257923
GSPT1,ENSG00000103342
ASB14,ENSG00000239388
OPTN,ENSG00000123240
DCC,ENSG00000187323
ARF4,ENSG00000168374
SURF4,ENSG00000148248
HOMER1,ENSG00000152413
DUSP22,ENSG00000112679
TMED9,ENSG00000184840
FURIN,ENSG00000140564
GSK3A,ENSG00000105723
AKAP9,ENSG00000127914
MRPL53,ENSG00000204822
NUMB,ENSG00000133961
NCOA5,ENSG00000124160
ABCB10,ENSG00000135776
HLA-G,ENSG00000204632
PLXNA4,ENSG00000221866
RAB1B,ENSG00000174903
NOMO1,ENSG00000103512
ZYX,ENSG00000159840
AMPD1,ENSG00000116748
CNOT7,ENSG00000198791
PPP1CA,ENSG00000172531
NGDN,ENSG00000129460
MYH9,ENSG00000100345
SEMA5A,ENSG00000112902
RPL15,ENSG00000174748
ZKSCAN1,ENSG00000106261
DYDC2,ENSG00000133665
LEPROT,ENSG00000213625
SRP19,ENSG00000153037
GRIN2D,ENSG00000105464
HLA-A,ENSG00000206503
KATNAL1,ENSG00000102781
TRAPPC3,ENSG00000054116
TOB2,ENSG00000183864
FIS1,ENSG00000214253
PTDSS2,ENSG00000174915
RAB35,ENSG00000111737
USP14,ENSG00000101557
EIF3K,ENSG00000178982
RAB7A,ENSG00000075785
NCL,ENSG00000115053
BTBD6,ENSG00000184887
PTPN1,ENSG00000196396
MRPL43,ENSG00000055950
PURB,ENSG00000146676
SAP18,ENSG00000150459
CTDSP1,ENSG00000144579
DDX19A,ENSG00000168872
POFUT1,ENSG00000101346
CLN8,ENSG00000182372
TWF2,ENSG00000247596
UBR5,ENSG00000104517
ECH1,ENSG00000104823
AGPAT3,ENSG00000160216
NFIA,ENSG00000162599
TRAK2,ENSG00000115993
DLG3,ENSG00000082458
TMEM245,ENSG00000106771
LMAN2,ENSG00000169223
ROGDI,ENSG00000067836
TMEM167A,ENSG00000174695
GPX1,ENSG00000233276
PPP1R37,ENSG00000104866
MYT1L,ENSG00000186487
HERPUD2,ENSG00000122557
SEC24B,ENSG00000138802
POLE3,ENSG00000148229
TMX3,ENSG00000166479
IRF2BP2,ENSG00000168264
YIPF6,ENSG00000181704
ARHGAP35,ENSG00000160007
RPS10,ENSG00000124614
THRA,ENSG00000126351
NINJ1,ENSG00000131669
PPP2R5B,ENSG00000068971
RAB2A,ENSG00000104388
FBXL5,ENSG00000118564
VPS54,ENSG00000143952
WDR82,ENSG00000164091
TRAM1,ENSG00000067167
DYNC1H1,ENSG00000197102
TOR1B,ENSG00000136816
ZNF251,ENSG00000198169
ATP5IF1,ENSG00000130770
U2AF2,ENSG00000063244
SLC6A3,ENSG00000142319
RPL30,ENSG00000156482
CUTA,ENSG00000112514
ESYT2,ENSG00000117868
PRR12,ENSG00000126464
KMT2C,ENSG00000055609
STRAP,ENSG00000023734
PRPF3,ENSG00000117360
MIF,ENSG00000240972
GPX4,ENSG00000167468
TM4SF19,ENSG00000145107
MRPL47,ENSG00000136522
NCKAP5,ENSG00000176771
LRP1,ENSG00000123384
PTK7,ENSG00000112655
DNASE2,ENSG00000105612
SELENOK,ENSG00000113811
IMMP2L,ENSG00000184903
CASZ1,ENSG00000130940
CBX3,ENSG00000122565
MED29,ENSG00000063322
UBL7,ENSG00000138629
POLR3GL,ENSG00000121851
COX7C,ENSG00000127184
HIGD1A,ENSG00000181061
SAMD11,ENSG00000187634
RAD23A,ENSG00000179262
HDDC2,ENSG00000111906
ANXA1,ENSG00000135046
CYLC2,ENSG00000155833
UBP1,ENSG00000153560
PTGES3,ENSG00000110958
GLG1,ENSG00000090863
RRAGA,ENSG00000155876
SPRY2,ENSG00000136158
MBOAT7,ENSG00000125505
RBM14,ENSG00000239306
SMAP2,ENSG00000084070
CGNL1,ENSG00000128849
TPT1,ENSG00000133112
ZNF713,ENSG00000178665
OXSR1,ENSG00000172939
LMX1B,ENSG00000136944
SAE1,ENSG00000142230
PCDHA12,ENSG00000251664
TBL1XR1,ENSG00000177565
PTPRT,ENSG00000196090
BRD3,ENSG00000169925
ATP5ME,ENSG00000169020
RASSF1,ENSG00000068028
CSMD1,ENSG00000183117
KDM4C,ENSG00000107077
RAB14,ENSG00000119396
DIXDC1,ENSG00000150764
TANC2,ENSG00000170921
ETF1,ENSG00000120705
TIMM17A,ENSG00000134375
CUTC,ENSG00000119929
TNKS2,ENSG00000107854
CIAO2B,ENSG00000166595
BAD,ENSG00000002330
CNTNAP2,ENSG00000174469
ZNHIT1,ENSG00000106400
ACTR3,ENSG00000115091
GSTM1,ENSG00000134184
E2F4,ENSG00000205250
DIPK2A,ENSG00000181744
GATAD1,ENSG00000157259
SMARCC2,ENSG00000139613
ADCY5,ENSG00000173175
TMEM59,ENSG00000116209
MEMO1,ENSG00000162959
IQSEC2,ENSG00000124313
CHRNB2,ENSG00000160716
ILF2,ENSG00000143621
PCID2,ENSG00000126226
CNTNAP3,ENSG00000106714
LRPAP1,ENSG00000163956
MAOA,ENSG00000189221
RPL7L1,ENSG00000146223
PER2,ENSG00000132326
SHOX,ENSG00000292354
GGNBP2,ENSG00000278311
RAB6A,ENSG00000175582
PDIA3,ENSG00000167004
CSNK1E,ENSG00000213923
PICALM,ENSG00000073921
CUL7,ENSG00000044090
HERC1,ENSG00000103657
AR,ENSG00000169083
NMD3,ENSG00000169251
UBE2K,ENSG00000078140
WDFY4,ENSG00000128815
UPF2,ENSG00000151461
DCTN4,ENSG00000132912
FGFR1,ENSG00000077782
ZNF330,ENSG00000109445
CNTNAP4,ENSG00000152910
DIP2A,ENSG00000160305
PRADC1,ENSG00000135617
SCN9A,ENSG00000169432
TMA7,ENSG00000232112
RNU5B-1,ENSG00000200156
HLA-B,ENSG00000234745
DYNC1LI1,ENSG00000144635
GPN3,ENSG00000111231
GORASP2,ENSG00000115806
PCDHA11,ENSG00000249158
ZFAND3,ENSG00000156639
GABRA4,ENSG00000109158
PSMG2,ENSG00000128789
MSN,ENSG00000147065
NPEPL1,ENSG00000215440
PRPF40A,ENSG00000196504
PPM1D,ENSG00000170836
NUP153,ENSG00000124789
KCNH5,ENSG00000140015
RTF2,ENSG00000022277
TCAF1,ENSG00000198420
GRK2,ENSG00000173020
RPL36A,ENSG00000241343
IP6K2,ENSG00000068745
NXF1,ENSG00000162231
GRINA,ENSG00000178719
CRTC3,ENSG00000140577
OR1C1,ENSG00000221888
PPP6R1,ENSG00000105063
PTCHD1,ENSG00000165186
TOR1AIP1,ENSG00000143337
LRRC41,ENSG00000132128
ITPA,ENSG00000125877
C6orf62,ENSG00000112308
NMT1,ENSG00000136448
HIVEP3,ENSG00000127124
RBM27,ENSG00000091009
LEO1,ENSG00000166477
PNN,ENSG00000100941
RPS6KA2,ENSG00000071242
TUT1,ENSG00000149016
MEF2C,ENSG00000081189
MIIP,ENSG00000116691
CCDC91,ENSG00000123106
CNTN4,ENSG00000144619
STRN3,ENSG00000196792
CCT4,ENSG00000115484
PAK2,ENSG00000180370
KCTD5,ENSG00000167977
FCF1,ENSG00000119616
POMGNT1,ENSG00000085998
MAGED2,ENSG00000102316
MAGOH,ENSG00000162385
TAF1C,ENSG00000103168
DAPK3,ENSG00000167657
ATRAID,ENSG00000138085
ITGB3,ENSG00000259207
TLK2,ENSG00000146872
POLR2I,ENSG00000105258
MRPS16,ENSG00000182180
MAP4,ENSG00000047849
CADM2,ENSG00000175161
OST4,ENSG00000228474
LEMD3,ENSG00000174106
KCND2,ENSG00000184408
SPEN,ENSG00000065526
GNG10,ENSG00000242616
NR2F1,ENSG00000175745
SETD1A,ENSG00000099381
AGO4,ENSG00000134698
TMEM60,ENSG00000135211
CBR4,ENSG00000145439
SSNA1,ENSG00000176101
GLRX2,ENSG00000023572
MRPL46,ENSG00000259494
UBFD1,ENSG00000103353
EIF3B,ENSG00000106263
TAPT1,ENSG00000169762
DNM1,ENSG00000106976
GDI2,ENSG00000057608
SNRPG,ENSG00000143977
COX5B,ENSG00000135940
CDC34,ENSG00000099804
VPS37B,ENSG00000139722
SCN1B,ENSG00000105711
VPS52,ENSG00000223501
SLC30A5,ENSG00000145740
SLC22A9,ENSG00000149742
KDELR2,ENSG00000136240
B4GALT5,ENSG00000158470
HCN1,ENSG00000164588
NAP1L4,ENSG00000205531
UBE2G1,ENSG00000132388
PCGF3,ENSG00000185619
ATP6V0D1,ENSG00000159720
H2BC11,ENSG00000124635
KANSL1,ENSG00000120071
CLN6,ENSG00000128973
MAPK8IP3,ENSG00000138834
TCF7L2,ENSG00000148737
SLC25A28,ENSG00000155287
PCBP1,ENSG00000169564
HNRNPK,ENSG00000165119
PCDHAC1,ENSG00000248383
AVPR1B,ENSG00000198049
PFDN1,ENSG00000113068
DDX53,ENSG00000184735
SERPINE1,ENSG00000106366
ARPC1A,ENSG00000241685
COPG1,ENSG00000181789
GTF3A,ENSG00000122034
UBL4A,ENSG00000102178
FAT1,ENSG00000083857
PSMD2,ENSG00000175166
DAD1,ENSG00000129562
DNPH1,ENSG00000112667
SORCS3,ENSG00000156395
RDH14,ENSG00000240857
MBD2,ENSG00000134046
GABRA1,ENSG00000022355
SRSF1,ENSG00000136450
HECTD1,ENSG00000092148
STX1A,ENSG00000106089
ATRN,ENSG00000088812
CELF4,ENSG00000101489
SYNGAP1,ENSG00000197283
NIFK,ENSG00000155438
ERMN,ENSG00000136541
ACTB,ENSG00000075624
CDIPT,ENSG00000103502
SNRPA,ENSG00000077312
PDCD5,ENSG00000105185
KDM1B,ENSG00000165097
HECTD4,ENSG00000173064
DUSP15,ENSG00000149599
VPS29,ENSG00000111237
BRAT1,ENSG00000106009
TXNDC12,ENSG00000117862
BFAR,ENSG00000103429
TET2,ENSG00000168769
MRPL22,ENSG00000082515
EXT1,ENSG00000182197
ANP32A,ENSG00000140350
SYNCRIP,ENSG00000135316
MED12L,ENSG00000144893
MCMBP,ENSG00000197771
COQ10B,ENSG00000115520
NSMCE1,ENSG00000169189
PCMT1,ENSG00000120265
PNKD,ENSG00000127838
CIB1,ENSG00000185043
RNF44,ENSG00000146083
YWHAE,ENSG00000108953
BCKDK,ENSG00000103507
COX5A,ENSG00000178741
PIK3CG,ENSG00000105851
PNKP,ENSG00000039650
ERG,ENSG00000157554
PBDC1,ENSG00000102390
DYNLL2,ENSG00000264364
GRB2,ENSG00000177885
SMIM19,ENSG00000176209
ABCF2,ENSG00000033050
PARD3B,ENSG00000116117
TPI1,ENSG00000111669
MRPL41,ENSG00000182154
RPL21,ENSG00000122026
CDC23,ENSG00000094880
OR2T10,ENSG00000184022
RAB9A,ENSG00000123595
NUDC,ENSG00000090273
UBQLN1,ENSG00000135018
AKIRIN1,ENSG00000174574
PPP5C,ENSG00000011485
ASXL3,ENSG00000141431
B4GALT3,ENSG00000158850
TMEM30A,ENSG00000112697
PRKCA,ENSG00000154229
PPTC7,ENSG00000196850
TMEM205,ENSG00000105518
MOB1A,ENSG00000114978
SASH1,ENSG00000111961
CDK2AP1,ENSG00000111328
STX12,ENSG00000117758
PDE1C,ENSG00000154678
ESR2,ENSG00000140009
RACK1,ENSG00000204628
DAP,ENSG00000112977
FDX1,ENSG00000137714
HNRNPAB,ENSG00000197451
CRY2,ENSG00000121671
TRIM23,ENSG00000113595
KCND3,ENSG00000171385
AZIN1,ENSG00000155096
MYO16,ENSG00000041515
USP45,ENSG00000123552
SLC25A11,ENSG00000108528
TSPOAP1,ENSG00000005379
EIF1AX,ENSG00000173674
MRPS17,ENSG00000239789
KRT26,ENSG00000186393
SUPT16H,ENSG00000092201
DNAH10,ENSG00000197653
KIAA0232,ENSG00000170871
NFATC2IP,ENSG00000176953
CAPN12,ENSG00000182472
KCNMA1,ENSG00000156113
AUTS2,ENSG00000158321
MSR1,ENSG00000038945
RMDN1,ENSG00000176623
EPM2AIP1,ENSG00000178567
B4GALT7,ENSG00000027847
HNRNPUL1,ENSG00000105323
BMS1,ENSG00000165733
CSNK1G2,ENSG00000133275
FBXW5,ENSG00000159069
CCDC124,ENSG00000007080
CHMP1A,ENSG00000131165
RPL41,ENSG00000229117
SMU1,ENSG00000122692
CTNNB1,ENSG00000168036
PTCHD1-AS,ENSG00000233067
SYNJ1,ENSG00000159082
BDH2,ENSG00000164039
PARP1,ENSG00000143799
SMURF1,ENSG00000198742
SRSF9,ENSG00000111786
CTDNEP1,ENSG00000175826
CTSF,ENSG00000174080
YBX1,ENSG00000065978
COX7A2L,ENSG00000115944
NAT10,ENSG00000135372
CLCN4,ENSG00000073464
WHAMM,ENSG00000156232
PNRC2,ENSG00000189266
TRIM28,ENSG00000130726
LSG1,ENSG00000041802
FHIT,ENSG00000189283
GNL2,ENSG00000134697
LSM2,ENSG00000204392
MUS81,ENSG00000172732
WDR13,ENSG00000101940
HNRNPDL,ENSG00000152795
TNKS,ENSG00000173273
KDM3B,ENSG00000120733
TAF9B,ENSG00000187325
HSPA9,ENSG00000113013
SHARPIN,ENSG00000179526
MFN2,ENSG00000116688
PPP1R14B,ENSG00000173457
WDR75,ENSG00000115368
UBE2O,ENSG00000175931
TMED2,ENSG00000086598
BET1L,ENSG00000177951
CDS2,ENSG00000101290
ADIPOR2,ENSG00000006831
MRPS14,ENSG00000120333
KHNYN,ENSG00000100441
CCDC12,ENSG00000160799
CNTN3,ENSG00000113805
PTEN,ENSG00000171862
CLASP1,ENSG00000074054
PCDHA3,ENSG00000255408
LRFN5,ENSG00000165379
EIF4G2,ENSG00000110321
PPP3CA,ENSG00000138814
GALNT14,ENSG00000158089
CYB5R1,ENSG00000159348
SYN1,ENSG00000008056
VSIG4,ENSG00000155659
POLR2C,ENSG00000102978
NR3C2,ENSG00000151623
HMGN3,ENSG00000118418
GSTK1,ENSG00000197448
ARL6IP5,ENSG00000144746
CUL5,ENSG00000166266
AGO3,ENSG00000126070
AGPAT1,ENSG00000204310
EIF2D,ENSG00000143486
CACNA1A,ENSG00000141837
CYFIP1,ENSG00000273749
MYCBP2,ENSG00000005810
CNKSR2,ENSG00000149970
LAMTOR1,ENSG00000149357
C6orf47,ENSG00000204439
FBXW2,ENSG00000119402
SMAP1,ENSG00000112305
FEZF2,ENSG00000153266
WSB2,ENSG00000176871
SUB1,ENSG00000113387
PRKDC,ENSG00000253729
PEF1,ENSG00000162517
RNF126,ENSG00000070423
TMEM183A,ENSG00000163444
CHCHD2,ENSG00000106153
DPYSL3,ENSG00000113657
MAOB,ENSG00000069535
PTPRD,ENSG00000153707
LSM4,ENSG00000130520
KCNB1,ENSG00000158445
P2RX5,ENSG00000083454
BORCS7,ENSG00000166275
PSME1,ENSG00000092010
SLC29A4,ENSG00000164638
UNC13A,ENSG00000130477
IWS1,ENSG00000163166
MRPL3,ENSG00000114686
PRDX2,ENSG00000167815
LRRC1,ENSG00000137269
NEO1,ENSG00000067141
SF3A3,ENSG00000183431
RPS11,ENSG00000142534
PURA,ENSG00000185129
RHEB,ENSG00000106615
FAM47A,ENSG00000185448
MYO5C,ENSG00000128833
MRPL33,ENSG00000243147
NDUFB3,ENSG00000119013
COA5,ENSG00000183513
STRN4,ENSG00000090372
KAT6A,ENSG00000083168
DCAF12,ENSG00000198876
MRM3,ENSG00000171861
UBE2D3,ENSG00000109332
EIF3E,ENSG00000104408
PHF21A,ENSG00000135365
SLC39A6,ENSG00000141424
SDC2,ENSG00000169439
CREB3,ENSG00000107175
LRRC42,ENSG00000116212
SYN2,ENSG00000157152
TSR1,ENSG00000167721
SMARCA4,ENSG00000127616
LRRC4C,ENSG00000148948
NR4A2,ENSG00000153234
TDO2,ENSG00000151790
SELENOS,ENSG00000131871
UFL1,ENSG00000014123
RNU4-2,ENSG00000202538
NENF,ENSG00000117691
FUBP3,ENSG00000107164
CIB2,ENSG00000136425
TOP3B,ENSG00000100038
ZNF672,ENSG00000171161
GALNT13,ENSG00000144278
VDAC3,ENSG00000078668
CACNA1D,ENSG00000157388
TRA2A,ENSG00000164548
YEATS2,ENSG00000163872
LGI1,ENSG00000108231
MOB3A,ENSG00000172081
CD38,ENSG00000004468
FAM234A,ENSG00000167930
PGAM1,ENSG00000171314
HSPA14,ENSG00000187522
ANP32B,ENSG00000136938
ZC3H15,ENSG00000065548
TMEM184C,ENSG00000164168
MRPL16,ENSG00000166902
UBE2I,ENSG00000103275
PCDH19,ENSG00000165194
BICRA,ENSG00000063169
GLRX3,ENSG00000108010
TECPR1,ENSG00000205356
THAP11,ENSG00000168286
SRPRA,ENSG00000182934
TSR2,ENSG00000158526
CAPNS1,ENSG00000126247
NLGN4X,ENSG00000146938
PSMA5,ENSG00000143106
MYL12B,ENSG00000118680
PSME2,ENSG00000100911
PDIA6,ENSG00000143870
SOS2,ENSG00000100485
JAGN1,ENSG00000171135
AP3B2,ENSG00000103723
HNRNPD,ENSG00000138668
SERPINI1,ENSG00000163536
SELENOF,ENSG00000183291
GCN1,ENSG00000089154
NR1D1,ENSG00000126368
ACTR1A,ENSG00000138107
IGSF8,ENSG00000162729
SLC27A4,ENSG00000167114
RNF139,ENSG00000170881
LARP1,ENSG00000155506
FBL,ENSG00000105202
ALDH5A1,ENSG00000112294
SSU72,ENSG00000160075
ZNF711,ENSG00000147180
P4HA2,ENSG00000072682
HAT1,ENSG00000128708
CTTNBP2,ENSG00000077063
PLXNA3,ENSG00000130827
CCZ1,ENSG00000122674
MCPH1,ENSG00000147316
DRD1,ENSG00000184845
SS18,ENSG00000141380
MTCH1,ENSG00000137409
ZMAT2,ENSG00000146007
PCDH9,ENSG00000184226
RPS3,ENSG00000149273
AGO1,ENSG00000092847
NPRL3,ENSG00000103148
EBAG9,ENSG00000147654
BLOC1S2,ENSG00000196072
ANAPC2,ENSG00000176248
SLU7,ENSG00000164609
AP2A1,ENSG00000196961
UBXN6,ENSG00000167671
CLTCL1,ENSG00000070371
ILF3,ENSG00000129351
SPAG7,ENSG00000091640
SRSF6,ENSG00000124193
PSMB5,ENSG00000100804
SLC4A1AP,ENSG00000163798
RPLP0,ENSG00000089157
NPM1,ENSG00000181163
UBE2Q1,ENSG00000160714
PSD3,ENSG00000156011
TRIP12,ENSG00000153827
PGRMC2,ENSG00000164040
NTNG1,ENSG00000162631
TBL1X,ENSG00000101849
AP2A2,ENSG00000183020
PLCG1,ENSG00000124181
RPL9,ENSG00000163682
RPL28,ENSG00000108107
RPL10,ENSG00000147403
ACP1,ENSG00000143727
SUGT1,ENSG00000165416
NTMT1,ENSG00000148335
RPS3A,ENSG00000145425
AKAP10,ENSG00000108599
ARL5A,ENSG00000162980
POMT1,ENSG00000130714
CYC1,ENSG00000179091
CHD2,ENSG00000173575
MYO1E,ENSG00000157483
SATB2,ENSG00000119042
NHLRC1,ENSG00000187566
KCTD13,ENSG00000174943
TMEM167B,ENSG00000215717
CREG1,ENSG00000143162
C19orf53,ENSG00000104979
MMP24OS,ENSG00000126005
MRPL14,ENSG00000180992
HSP90B1,ENSG00000166598
ANXA11,ENSG00000122359
PNPLA7,ENSG00000130653
RBM42,ENSG00000126254
ASAP2,ENSG00000151693
PIP5K1C,ENSG00000186111
AZGP1,ENSG00000160862
ELOF1,ENSG00000130165
ZNF774,ENSG00000196391
ATOX1,ENSG00000177556
RABL6,ENSG00000196642
SUSD6,ENSG00000100647
PMVK,ENSG00000163344
DNAJA1,ENSG00000086061
ALDH9A1,ENSG00000143149
BCCIP,ENSG00000107949
PTPN12,ENSG00000127947
MAU2,ENSG00000129933
HINT2,ENSG00000137133
ATP10A,ENSG00000206190
NRXN1,ENSG00000179915
ATL2,ENSG00000119787
ARL8B,ENSG00000134108
XRCC5,ENSG00000079246
MPHOSPH8,ENSG00000196199
PCGF5,ENSG00000180628
RETREG3,ENSG00000141699
PDCD1,ENSG00000188389
MAP3K11,ENSG00000173327
TBR1,ENSG00000136535
PPP1R12C,ENSG00000125503
SH3BGRL,ENSG00000131171
METTL26,ENSG00000130731
LRRC14,ENSG00000160959
AASDHPPT,ENSG00000149313
SERP1,ENSG00000120742
USP39,ENSG00000168883
SLC24A2,ENSG00000155886
DCTN3,ENSG00000137100
MARK2,ENSG00000072518
GOLGA5,ENSG00000066455
SPRYD3,ENSG00000167778
PRDM4,ENSG00000110851
ADRB2,ENSG00000169252
MNAT1,ENSG00000020426
RPL14,ENSG00000188846
SAMD1,ENSG00000141858
TM9SF4,ENSG00000101337
NEXMIF,ENSG00000050030
PNO1,ENSG00000115946
RAB12,ENSG00000206418
CDC16,ENSG00000130177
ADSS2,ENSG00000035687
MED4,ENSG00000136146
PRKD2,ENSG00000105287
EEF1A2,ENSG00000101210
ZNF292,ENSG00000188994
ANKRD40,ENSG00000154945
CTNND1,ENSG00000198561
RPL38,ENSG00000172809
ZMPSTE24,ENSG00000084073
SELENOT,ENSG00000198843
DNAJC7,ENSG00000168259
MOAP1,ENSG00000165943
DOCK7,ENSG00000116641
HMGB1,ENSG00000189403
RPS16,ENSG00000105193
RANBP1,ENSG00000099901
TOMM7,ENSG00000196683
RNF181,ENSG00000168894
IDH3G,ENSG00000067829
GAS2,ENSG00000148935
RSRC2,ENSG00000111011
MRPS24,ENSG00000062582
PTP4A2,ENSG00000184007
MBD1,ENSG00000141644
SNX3,ENSG00000112335
PLOD3,ENSG00000106397
MAGEC3,ENSG00000165509
SMARCC1,ENSG00000173473
DNAJB2,ENSG00000135924
RPL18A,ENSG00000105640
CAMK4,ENSG00000152495
EIF3I,ENSG00000084623
RPL7A,ENSG00000148303
PACSIN2,ENSG00000100266
ARNT,ENSG00000143437
UBE2D2,ENSG00000131508
ADIPOR1,ENSG00000159346
PFDN2,ENSG00000143256
SRM,ENSG00000116649
BICDL1,ENSG00000135127
MRPL58,ENSG00000167862
SLC7A3,ENSG00000165349
SMARCA2,ENSG00000080503
ERVK3-1,ENSG00000142396
C1orf174,ENSG00000198912
NLGN1,ENSG00000169760
SEC22C,ENSG00000093183
ARL2BP,ENSG00000102931
KMT2A,ENSG00000118058
GRIK5,ENSG00000105737
SGTA,ENSG00000104969
LAMTOR2,ENSG00000116586
MTOR,ENSG00000198793
PDAP1,ENSG00000106244
CSNK2A1,ENSG00000101266
SCFD2,ENSG00000184178
LRBA,ENSG00000198589
CNTNAP5,ENSG00000155052
SOD1,ENSG00000142168
ENTPD4,ENSG00000197217
TRIP4,ENSG00000103671
C15orf62,ENSG00000188277
ATF6,ENSG00000118217
FBRS,ENSG00000156860
TAOK1,ENSG00000160551
EIF4A3,ENSG00000141543
ASTN2,ENSG00000148219
HNRNPA0,ENSG00000177733
GRHPR,ENSG00000137106
NRXN2,ENSG00000110076
CYFIP2,ENSG00000055163
TMLHE,ENSG00000185973
TOMM70,ENSG00000154174
LAMA1,ENSG00000101680
PRPF6,ENSG00000101161
ZNF146,ENSG00000167635
AURKAIP1,ENSG00000175756
SNRNP35,ENSG00000184209
ARMC1,ENSG00000104442
PET117,ENSG00000232838
RANGAP1,ENSG00000100401
PREX1,ENSG00000124126
RRN3,ENSG00000085721
NDUFA5,ENSG00000128609
KIRREL3,ENSG00000149571
CD99L2,ENSG00000102181
MRPS18A,ENSG00000096080
SLC35A2,ENSG00000102100
CAMK2A,ENSG00000070808
DCTD,ENSG00000129187
ASNSD1,ENSG00000138381
BRCA2,ENSG00000139618
SAFB,ENSG00000160633
TRIAP1,ENSG00000170855
DNTTIP1,ENSG00000101457
SNRPD2,ENSG00000125743
CACNA1E,ENSG00000198216
MAGEL2,ENSG00000254585
MLEC,ENSG00000110917
TPRG1L,ENSG00000158109
AFF2,ENSG00000155966
ACAD9,ENSG00000177646
FMR1,ENSG00000102081
RBM25,ENSG00000119707
RPS14,ENSG00000164587
TXNL1,ENSG00000091164
CADPS2,ENSG00000081803
CTNND2,ENSG00000169862
JOSD1,ENSG00000100221
SECISBP2L,ENSG00000138593
SELENOH,ENSG00000211450
ZMYM2,ENSG00000121741
EGR3,ENSG00000179388
MEPCE,ENSG00000146834
TAF11,ENSG00000064995
AP3S2,ENSG00000157823
PATL1,ENSG00000166889
DPP7,ENSG00000176978
UTP3,ENSG00000132467
CSTB,ENSG00000160213
UIMC1,ENSG00000087206
SLC6A1,ENSG00000157103
ATP6V0B,ENSG00000117410
WTAP,ENSG00000146457
MTFR1L,ENSG00000117640
GGA2,ENSG00000103365
RPS19BP1,ENSG00000187051
EIF4EBP2,ENSG00000148730
IMP3,ENSG00000177971
GOLPH3,ENSG00000113384
RBMX2,ENSG00000134597
CD276,ENSG00000103855
UBE3A,ENSG00000114062
PDS5A,ENSG00000121892
NDUFV3,ENSG00000160194
CLN5,ENSG00000102805
DUS1L,ENSG00000169718
RANBP17,ENSG00000204764
PCLO,ENSG00000186472
DYRK1A,ENSG00000157540
DNAJC9,ENSG00000213551
CREBBP,ENSG00000005339
FBXO33,ENSG00000165355
NUS1,ENSG00000153989
MCRIP1,ENSG00000225663
HTATSF1,ENSG00000102241
DCAF11,ENSG00000100897
VEGFB,ENSG00000173511
SYAP1,ENSG00000169895
DEPDC5,ENSG00000100150
RANBP10,ENSG00000141084
ASMT,ENSG00000292336
TIMM17B,ENSG00000126768
PSMD8,ENSG00000099341
USP11,ENSG00000102226
PMM1,ENSG00000100417
STXBP5,ENSG00000164506
ZMIZ1,ENSG00000108175
GABRG3,ENSG00000182256
VDR,ENSG00000111424
SDHAF2,ENSG00000167985
VAMP5,ENSG00000168899
POLR2F,ENSG00000100142
DCTN2,ENSG00000175203
PARK7,ENSG00000116288
PCDHA8,ENSG00000204962
ZNF18,ENSG00000154957
PIN4,ENSG00000102309
PCDHA1,ENSG00000204970
TMBIM6,ENSG00000139644
SPP2,ENSG00000072080
EPM2A,ENSG00000112425
SMAD4,ENSG00000141646
KRCC1,ENSG00000172086
NOSIP,ENSG00000142546
LDB1,ENSG00000198728
CHID1,ENSG00000177830
PCDHA5,ENSG00000204965
RPS27A,ENSG00000143947
RPL35A,ENSG00000182899
KCNA1,ENSG00000111262
SBF1,ENSG00000100241
LEP,ENSG00000174697
SLC25A27,ENSG00000153291
FGA,ENSG00000171560
CDC37L1,ENSG00000106993
COA3,ENSG00000183978
INTS12,ENSG00000138785
SCAF1,ENSG00000126461
SART1,ENSG00000175467
TSPAN7,ENSG00000156298
CDH10,ENSG00000040731
ELAVL1,ENSG00000066044
COA4,ENSG00000181924
SREBF2,ENSG00000198911
NDUFA12,ENSG00000184752
AP2M1,ENSG00000161203
AKR1A1,ENSG00000117448
DHX29,ENSG00000067248
CELF2,ENSG00000048740
DDX23,ENSG00000174243
TCF20,ENSG00000100207
DENR,ENSG00000139726
KXD1,ENSG00000105700
TLE3,ENSG00000140332
GABARAPL2,ENSG00000034713
MRPL20,ENSG00000242485
TECTA,ENSG00000109927
ADCY3,ENSG00000138031
GRM5,ENSG00000168959
SART3,ENSG00000075856
TENT4A,ENSG00000112941
AGAP2,ENSG00000135439
LY6E,ENSG00000160932
KEAP1,ENSG00000079999
SNRPE,ENSG00000182004
IRF2BP1,ENSG00000170604
ARPC3,ENSG00000111229
SYPL1,ENSG00000008282
EFR3A,ENSG00000132294
RALY,ENSG00000125970
PDZD11,ENSG00000120509
ACE,ENSG00000159640
ICA1,ENSG00000003147
PRKN,ENSG00000185345
FBXO40,ENSG00000163833
FKBP8,ENSG00000105701
PRPF38B,ENSG00000134186
AARSD1,ENSG00000266967
OS9,ENSG00000135506
TOP1,ENSG00000198900
DNAJB6,ENSG00000105993
CACNA1G,ENSG00000006283
SETD5,ENSG00000168137
CDH11,ENSG00000140937
PPA1,ENSG00000180817
GUK1,ENSG00000143774
NR2F6,ENSG00000160113
CLPTM1,ENSG00000104853
CD2BP2,ENSG00000169217
GPD2,ENSG00000115159
MTCH2,ENSG00000109919
RNF216,ENSG00000011275
BTF3L4,ENSG00000134717
BCAS2,ENSG00000116752
ZNF276,ENSG00000158805
EMC3,ENSG00000125037
DNAH17,ENSG00000187775
PHF12,ENSG00000109118
ATP5MF,ENSG00000241468
HSPA4,ENSG00000170606
CMTR1,ENSG00000137200
CDC26,ENSG00000176386
RPS5,ENSG00000083845
HNRNPR,ENSG00000125944
DPP6,ENSG00000130226
PLXNB1,ENSG00000164050
PMF1,ENSG00000160783
ILKAP,ENSG00000132323
NOB1,ENSG00000141101
DGCR6L,ENSG00000128185
RPS15A,ENSG00000134419
AMT,ENSG00000145020
NCBP2,ENSG00000114503
YTHDC1,ENSG00000083896
CPEB4,ENSG00000113742
SF3B1,ENSG00000115524
LSM3,ENSG00000170860
CHD7,ENSG00000171316
WDFY3,ENSG00000163625
RPSA,ENSG00000168028
GIGYF1,ENSG00000146830
ARX,ENSG00000004848
CCDC85B,ENSG00000175602
BTAF1,ENSG00000095564
MRFAP1,ENSG00000179010
STYK1,ENSG00000060140
NAPG,ENSG00000134265
COPA,ENSG00000122218
MRPL28,ENSG00000086504
ADRM1,ENSG00000130706
NOP53,ENSG00000105373
SPCS2,ENSG00000118363
SNRPD3,ENSG00000100028
AGFG1,ENSG00000173744
SLC25A38,ENSG00000144659
N4BP1,ENSG00000102921
RRP9,ENSG00000114767
HSD11B1,ENSG00000117594
SRSF2,ENSG00000161547
TSC1,ENSG00000165699
RORB,ENSG00000198963
MGRN1,ENSG00000102858
SNAP25,ENSG00000132639
CDKL5,ENSG00000008086
IL1RAPL2,ENSG00000189108
PCDH11X,ENSG00000102290
DLST,ENSG00000119689
EMSY,ENSG00000158636
TAX1BP1,ENSG00000106052
KHDC4,ENSG00000132680
PIGO,ENSG00000165282
ERP44,ENSG00000023318
RSAD1,ENSG00000136444
UBL5,ENSG00000198258
RAMAC,ENSG00000169612
DNAJC11,ENSG00000007923
TAF9,ENSG00000273841
LRFN2,ENSG00000156564
ABHD4,ENSG00000100439
MKRN1,ENSG00000133606
LAMB1,ENSG00000091136
MTREX,ENSG00000039123
IL1RAPL1,ENSG00000169306
RHOBTB2,ENSG00000008853
PAPOLG,ENSG00000115421
MYO5A,ENSG00000197535
TAPBP,ENSG00000231925
PAM16,ENSG00000217930
NUP133,ENSG00000069248
PCDHAC2,ENSG00000243232
TOLLIP,ENSG00000078902
PBX1,ENSG00000185630
TRRAP,ENSG00000196367
KIF13B,ENSG00000197892
SCN8A,ENSG00000196876
JMJD1C,ENSG00000171988
MED13L,ENSG00000123066
PCDHA13,ENSG00000239389
DEK,ENSG00000124795
PEA15,ENSG00000162734
CSNK1A1,ENSG00000113712
PCYOX1,ENSG00000116005
PDPK1,ENSG00000140992
ARF3,ENSG00000134287
DYNLRB1,ENSG00000125971
PITX1,ENSG00000069011
ZNF865,ENSG00000261221
THAP4,ENSG00000176946
MTHFR,ENSG00000177000
GLO1,ENSG00000124767
HS3ST5,ENSG00000249853
ERI3,ENSG00000117419
DTD1,ENSG00000125821
VPS25,ENSG00000131475
CACUL1,ENSG00000151893
FAM162A,ENSG00000114023
CACNA1F,ENSG00000102001
PSMB6,ENSG00000142507
TTC1,ENSG00000113312
POLR2K,ENSG00000147669
ROMO1,ENSG00000125995
ZNF462,ENSG00000148143
TSHZ1,ENSG00000179981
WBP2,ENSG00000132471
C6orf89,ENSG00000198663
FIZ1,ENSG00000179943
CUX2,ENSG00000111249
SEC13,ENSG00000157020
TMEM9,ENSG00000116857
MRPS18C,ENSG00000163319
DCAF5,ENSG00000139990
PSME3,ENSG00000131467
DIP2C,ENSG00000151240
CNOT11,ENSG00000158435
TRPC6,ENSG00000137672
USF2,ENSG00000105698
WDR55,ENSG00000120314
ALG13,ENSG00000101901
AKR7A2,ENSG00000053371
PPP1R10,ENSG00000204569
FAM174A,ENSG00000174132
PPP2R5E,ENSG00000154001
TIMM22,ENSG00000177370
ECSIT,ENSG00000130159
WSB1,ENSG00000109046
ADAM22,ENSG00000008277
YWHAZ,ENSG00000164924
LRCH4,ENSG00000077454
RBM17,ENSG00000134453
ZMYND8,ENSG00000101040
PCM1,ENSG00000078674
ARHGEF10,ENSG00000104728
INTS6,ENSG00000102786
MPZL1,ENSG00000197965
CALR,ENSG00000179218
ABHD12,ENSG00000100997
PCCB,ENSG00000114054
BCAS1,ENSG00000064787
ICMT,ENSG00000116237
GID8,ENSG00000101193
DRD3,ENSG00000151577
MBD4,ENSG00000129071
KCTD20,ENSG00000112078
TAF4,ENSG00000130699
LAMTOR5,ENSG00000134248
STK38,ENSG00000112079
RPL34,ENSG00000109475
TMEM258,ENSG00000134825
KDM1A,ENSG00000004487
KCNT1,ENSG00000107147
TCF25,ENSG00000141002
GRID2IP,ENSG00000215045
PPIH,ENSG00000171960
CACNA2D3,ENSG00000157445
TMBIM4,ENSG00000155957
GOLGA4,ENSG00000144674
STOML2,ENSG00000165283
NELFB,ENSG00000188986
LRP2,ENSG00000081479
GRID2,ENSG00000152208
NFX1,ENSG00000086102
ARPP19,ENSG00000128989
MAD2L1BP,ENSG00000124688
DLL1,ENSG00000198719
ZFYVE21,ENSG00000100711
EIF4E,ENSG00000151247
WDR59,ENSG00000103091
DLGAP3,ENSG00000116544
HMCES,ENSG00000183624
MACROD2,ENSG00000172264
GRIN2A,ENSG00000183454
POLD2,ENSG00000106628
GUCY1A2,ENSG00000152402
C11orf98,ENSG00000278615
RPL29,ENSG00000162244
REXO4,ENSG00000148300
PFKL,ENSG00000141959
ELP4,ENSG00000109911
CHRM3,ENSG00000133019
TMEM41A,ENSG00000163900
SETBP1,ENSG00000152217
LSM14B,ENSG00000149657
PABPC4,ENSG00000090621
PBX2,ENSG00000204304
SON,ENSG00000159140
HLA-DRB1,ENSG00000196126
CHRNA4,ENSG00000101204
FBXW4,ENSG00000107829
BCL2L2,ENSG00000129473
COPS5,ENSG00000121022
CHD3,ENSG00000170004
PRICKLE2,ENSG00000163637
MRPL15,ENSG00000137547
GTF3C6,ENSG00000155115
STAT5B,ENSG00000173757
TNRC6C,ENSG00000078687
RAB43,ENSG00000172780
LAMTOR4,ENSG00000188186
CACNA1I,ENSG00000100346
MFRP,ENSG00000235718
GRK4,ENSG00000125388
RHOXF1,ENSG00000101883
GPN2,ENSG00000142751
PLOD1,ENSG00000083444
TCEAL4,ENSG00000133142
ZC3H18,ENSG00000158545
EN2,ENSG00000164778
EBNA1BP2,ENSG00000117395
MRPS30,ENSG00000112996
BSDC1,ENSG00000160058
NUDT9,ENSG00000170502
RTL8C,ENSG00000134590
CDC27,ENSG00000004897
PHF10,ENSG00000130024
ACTR1B,ENSG00000115073
SPTBN1,ENSG00000115306
OGFR,ENSG00000060491
CNOT3,ENSG00000088038
RPL37A,ENSG00000197756
PLD3,ENSG00000105223
USP9X,ENSG00000124486
OTUB1,ENSG00000167770
NRBP1,ENSG00000115216
MYO9B,ENSG00000099331
KCTD9,ENSG00000104756
UBE2B,ENSG00000119048
BPGM,ENSG00000172331
SRSF3,ENSG00000112081
LRRC4,ENSG00000128594
AAR2,ENSG00000131043
ARL8A,ENSG00000143862
ISCU,ENSG00000136003
KDM2B,ENSG00000089094
ARID2,ENSG00000189079
NOP9,ENSG00000196943
ANKRD17,ENSG00000132466
CDV3,ENSG00000091527
APH1A,ENSG00000117362
ARHGAP1,ENSG00000175220
WNK3,ENSG00000196632
ABCE1,ENSG00000164163
MLANA,ENSG00000120215
REEP5,ENSG00000129625
PSMD4,ENSG00000159352
IPO7,ENSG00000205339
TFDP1,ENSG00000198176
USH2A,ENSG00000042781
LZTS2,ENSG00000107816
PCMTD2,ENSG00000203880
UBE2G2,ENSG00000184787
SMARCA1,ENSG00000102038
EFCAB14,ENSG00000159658
IRF2,ENSG00000168310
LONP2,ENSG00000102910
ARL14EP,ENSG00000152219
SPCS3,ENSG00000129128
PIN1,ENSG00000127445
HSPE1,ENSG00000115541
SEM1,ENSG00000127922
RAD21L1,ENSG00000244588
NAP1L1,ENSG00000187109
TM9SF3,ENSG00000077147
EXOC6B,ENSG00000144036
VPS26B,ENSG00000151502
COPS6,ENSG00000168090
RABGGTB,ENSG00000137955
MSL1,ENSG00000188895
CCSER1,ENSG00000184305
ITPR1,ENSG00000150995
PCBD1,ENSG00000166228
MRPL37,ENSG00000116221
CCT2,ENSG00000166226
BRSK2,ENSG00000174672
KHDRBS1,ENSG00000121774
PANK3,ENSG00000120137
RAPGEF4,ENSG00000091428
DDX18,ENSG00000088205
KMT2E,ENSG00000005483
NEDD8,ENSG00000129559
PSMB2,ENSG00000126067
DDX51,ENSG00000185163
PLA2G15,ENSG00000103066
YIPF3,ENSG00000137207
GRPEL1,ENSG00000109519
FAM53C,ENSG00000120709
THBS1,ENSG00000137801
MRTO4,ENSG00000053372
MECP2,ENSG00000169057
RELN,ENSG00000189056
PPIA,ENSG00000196262
ZNF593,ENSG00000142684
ROCK2,ENSG00000134318
ANKRD52,ENSG00000139645
ERH,ENSG00000100632
FAM8A1,ENSG00000137414
CCDC97,ENSG00000142039
PRKCSH,ENSG00000130175
FAM89B,ENSG00000176973
CDC42SE1,ENSG00000197622
MSL3,ENSG00000005302
CFDP1,ENSG00000153774
CDK16,ENSG00000102225
DDRGK1,ENSG00000198171
TPM4,ENSG00000167460
LILRB2,ENSG00000131042
HSBP1,ENSG00000230989
MEA1,ENSG00000124733
LASP1,ENSG00000002834
POGZ,ENSG00000143442
UQCRH,ENSG00000173660
GABARAP,ENSG00000170296
DNAJB9,ENSG00000128590
DPYD,ENSG00000188641
RPL26,ENSG00000161970
SPAG9,ENSG00000008294
TMEM87A,ENSG00000103978
SAR1A,ENSG00000079332
TMED7,ENSG00000134970
DELE1,ENSG00000081791
HINT3,ENSG00000111911
IKZF5,ENSG00000095574
RPL8,ENSG00000161016
MYH10,ENSG00000133026
GPATCH4,ENSG00000160818
TCTA,ENSG00000145022
DNAJC13,ENSG00000138246
NUAK1,ENSG00000074590
CIPC,ENSG00000198894
ATG3,ENSG00000144848
METTL9,ENSG00000197006
SETD1B,ENSG00000139718
TOR3A,ENSG00000186283
ATG101,ENSG00000123395
RMND5A,ENSG00000153561
RTCB,ENSG00000100220
ALKBH7,ENSG00000125652
TRIO,ENSG00000038382
DPY30,ENSG00000162961
YTHDF1,ENSG00000149658
RPL37,ENSG00000145592
UBA52,ENSG00000221983
PSMD3,ENSG00000108344
CDH22,ENSG00000149654
AK3,ENSG00000147853
STX8,ENSG00000170310
ITCH,ENSG00000078747
CNOT1,ENSG00000125107
KDM5A,ENSG00000073614
EP400,ENSG00000183495
CHMP3,ENSG00000115561
SNTG2,ENSG00000172554
FBXO42,ENSG00000037637
ZER1,ENSG00000160445
UQCR11,ENSG00000127540
HP1BP3,ENSG00000127483
VPS28,ENSG00000160948
SCARB2,ENSG00000138760
CAPRIN1,ENSG00000135387
SEC62,ENSG00000008952
MRPL23,ENSG00000214026
RAB5A,ENSG00000144566
BNIP3L,ENSG00000104765
DNAJC4,ENSG00000110011
CKAP5,ENSG00000175216
UROD,ENSG00000126088
PRPF19,ENSG00000110107
GRIK3,ENSG00000163873
DVL3,ENSG00000161202
NUDT16L1,ENSG00000168101
DDX47,ENSG00000213782
NF1,ENSG00000196712
ZNF517,ENSG00000197363
PTGS2,ENSG00000073756
HMGXB3,ENSG00000113716
MCM6,ENSG00000076003
BRMS1,ENSG00000174744
PRCP,ENSG00000137509
MFSD14A,ENSG00000156875
CACNA1B,ENSG00000148408
WDR46,ENSG00000227057
PER1,ENSG00000179094
GRIP1,ENSG00000155974
NAALADL2,ENSG00000177694
ANAPC11,ENSG00000141552
ABHD17A,ENSG00000129968
TOMM22,ENSG00000100216
CTDSP2,ENSG00000175215
SLC39A7,ENSG00000112473
GSTO1,ENSG00000148834
RAI1,ENSG00000108557
PRELID3B,ENSG00000101166
SNX17,ENSG00000115234
CD59,ENSG00000085063
ERBIN,ENSG00000112851
CHMP4A,ENSG00000254505
MED28,ENSG00000118579
EIF3J,ENSG00000104131
NDUFB9,ENSG00000147684
TBC1D5,ENSG00000131374
SNAPIN,ENSG00000143553
RPS15,ENSG00000115268
UBA5,ENSG00000081307
MTDH,ENSG00000147649
MTF1,ENSG00000188786
LARP4B,ENSG00000107929
TMEM14C,ENSG00000111843
NOP14,ENSG00000087269
UNC50,ENSG00000115446
TADA3,ENSG00000171148
SCN2A,ENSG00000136531
POP7,ENSG00000172336
EIF3H,ENSG00000147677
G6PC3,ENSG00000141349
E4F1,ENSG00000167967
PWP1,ENSG00000136045
SETD3,ENSG00000183576
LRRC59,ENSG00000108829
MBD5,ENSG00000204406
SACS,ENSG00000151835
PPP2R5D,ENSG00000112640
DRD2,ENSG00000149295
SCN1A,ENSG00000144285
MFSD14B,ENSG00000148110
CNP,ENSG00000173786
FOXG1,ENSG00000176165
ADORA3,ENSG00000282608
RABGAP1,ENSG00000011454
CEBPZ,ENSG00000115816
NRCAM,ENSG00000091129
DDX17,ENSG00000100201
RBBP5,ENSG00000117222
PHF3,ENSG00000118482
VIL1,ENSG00000127831
TRAPPC9,ENSG00000167632
TSPAN17,ENSG00000048140
PPP1R7,ENSG00000115685
MIEN1,ENSG00000141741
LAMP1,ENSG00000185896
COMMD7,ENSG00000149600
CHMP4B,ENSG00000101421
RALGAPB,ENSG00000170471
RBFOX1,ENSG00000078328
ADI1,ENSG00000182551
PHRF1,ENSG00000070047
PEBP1,ENSG00000089220
FBXO11,ENSG00000138081
MIEF1,ENSG00000100335
ISCA2,ENSG00000165898
RNF20,ENSG00000155827
RNF25,ENSG00000163481
RANBP9,ENSG00000010017
GALNT8,ENSG00000130035
RPLP2,ENSG00000177600
ZDHHC6,ENSG00000023041
SRGAP3,ENSG00000196220
QSOX1,ENSG00000116260
WNK1,ENSG00000060237
POT1,ENSG00000128513
RHOT2,ENSG00000140983
TMEM115,ENSG00000126062
IPO13,ENSG00000117408
LTV1,ENSG00000135521
ACTR2,ENSG00000138071
TBC1D10B,ENSG00000169221
BRD4,ENSG00000141867
NUP155,ENSG00000113569
SF3A2,ENSG00000104897
RELA,ENSG00000173039
MAP1A,ENSG00000166963
SNRNP70,ENSG00000104852
RNF149,ENSG00000163162
RFX3,ENSG00000080298
DHX40,ENSG00000108406
CELF1,ENSG00000149187
UBR3,ENSG00000144357
SNRPF,ENSG00000139343
LMAN1,ENSG00000074695
RPL13A,ENSG00000142541
ZMYND19,ENSG00000165724
SCAND1,ENSG00000171222
ATF4,ENSG00000128272
ELP2,ENSG00000134759
APBA2,ENSG00000034053
SNX27,ENSG00000143376
SAV1,ENSG00000151748
UBAP2L,ENSG00000143569
SENP2,ENSG00000163904
ZNF385B,ENSG00000144331
PGRMC1,ENSG00000101856
MRGBP,ENSG00000101189
SFSWAP,ENSG00000061936
SLC25A3,ENSG00000075415
CFL1,ENSG00000172757
ATP2B2,ENSG00000157087
IK,ENSG00000113141
SLC35G1,ENSG00000176273
BAG1,ENSG00000107262
PCBP2,ENSG00000197111
GPR85,ENSG00000164604
CTSD,ENSG00000117984
CAND1,ENSG00000111530
ANKRD11,ENSG00000167522
MYL12A,ENSG00000101608
TFG,ENSG00000114354
TRIR,ENSG00000123144
RIMS3,ENSG00000117016
CDH13,ENSG00000140945
ZNF395,ENSG00000186918
PAIP2,ENSG00000120727
NACC1,ENSG00000160877
RNF167,ENSG00000108523
CHD8,ENSG00000100888
USP9Y,ENSG00000114374
R3HDM4,ENSG00000198858
AHDC1,ENSG00000126705
GPKOW,ENSG00000068394
MNT,ENSG00000070444
TMEM248,ENSG00000106609
ABCA13,ENSG00000179869
ZBTB20,ENSG00000181722
NCBP1,ENSG00000136937
PRKAR2A,ENSG00000114302
TSHZ3,ENSG00000121297
NUP58,ENSG00000139496
STK11,ENSG00000118046
NSD2,ENSG00000109685
DDX39A,ENSG00000123136
DMPK,ENSG00000104936
ZNF804A,ENSG00000170396
SMDT1,ENSG00000183172
CHMP6,ENSG00000176108
CHRNA7,ENSG00000175344
GALNT1,ENSG00000141429
TMEM101,ENSG00000091947
PA2G4,ENSG00000170515
EIF3G,ENSG00000130811
PPP1R9B,ENSG00000108819
MAP1B,ENSG00000131711
FAM98C,ENSG00000130244
DYNLT1,ENSG00000146425
GPR37,ENSG00000170775
NGRN,ENSG00000182768
SAMM50,ENSG00000100347
MED9,ENSG00000141026
LENG8,ENSG00000167615
NRP2,ENSG00000118257
PHF2,ENSG00000197724
MED23,ENSG00000112282
RTL8A,ENSG00000203950
RPL11,ENSG00000142676
UBE2R2,ENSG00000107341
NUDT21,ENSG00000167005
TMEM39B,ENSG00000121775
GPAT4,ENSG00000158669
SLC38A2,ENSG00000134294
SELENOW,ENSG00000178980
LPGAT1,ENSG00000123684
USP12,ENSG00000152484
COPRS,ENSG00000172301
MAML1,ENSG00000161021
MAZ,ENSG00000103495
RIT2,ENSG00000152214
CNPPD1,ENSG00000115649
MRPS10,ENSG00000048544
SGSM3,ENSG00000100359
ZMYND11,ENSG00000015171
TOM1L2,ENSG00000175662
YPEL5,ENSG00000119801
NPTN,ENSG00000156642
CTNNA3,ENSG00000183230
NPLOC4,ENSG00000182446
ERLEC1,ENSG00000068912
GALNT11,ENSG00000178234
BMI1,ENSG00000168283
RAD23B,ENSG00000119318
DNAJA3,ENSG00000103423
FAM168B,ENSG00000152102
MRPL32,ENSG00000106591
RBM5,ENSG00000003756
LHX2,ENSG00000106689
GNAI1,ENSG00000127955
STIM1,ENSG00000167323
KIF1A,ENSG00000130294
ASTN1,ENSG00000152092
ATF6B,ENSG00000213676
M6PR,ENSG00000003056
SPAST,ENSG00000021574
SNX19,ENSG00000120451
GRM7,ENSG00000196277
TSC2,ENSG00000103197
KPNA4,ENSG00000186432
PLCB1,ENSG00000182621
ZNF622,ENSG00000173545
PPT1,ENSG00000131238
TMED4,ENSG00000158604
NTRK1,ENSG00000198400
HAGH,ENSG00000063854
MRPS25,ENSG00000131368
CDK4,ENSG00000135446
STK24,ENSG00000102572
OFD1,ENSG00000046651
MRPS5,ENSG00000144029
ADD1,ENSG00000087274
RTF1,ENSG00000137815
USB1,ENSG00000103005
NPIPB3,ENSG00000169246
RPS25,ENSG00000118181
IFRD1,ENSG00000006652
SLC30A9,ENSG00000014824
SNX1,ENSG00000028528
FRG1,ENSG00000109536
PTPRB,ENSG00000127329
FOXJ2,ENSG00000065970
SYNE1,ENSG00000131018
BRI3,ENSG00000164713
CPZ,ENSG00000109625
CACNG2,ENSG00000166862
PRDX5,ENSG00000126432
LZTR1,ENSG00000099949
RUVBL1,ENSG00000175792
TERF2,ENSG00000132604
LCMT1,ENSG00000205629
ATXN7L3B,ENSG00000253719
ATP6V0A2,ENSG00000185344
LMO4,ENSG00000143013
API5,ENSG00000166181
ATP5MG,ENSG00000167283
PHIP,ENSG00000146247
MRPL24,ENSG00000143314
SFT2D1,ENSG00000198818
MED13,ENSG00000108510
WDFY1,ENSG00000085449
TTN,ENSG00000155657
THRAP3,ENSG00000054118
ZFP36L1,ENSG00000185650
SUMO2,ENSG00000188612
SMIM12,ENSG00000163866
VAPA,ENSG00000101558
NCKAP1,ENSG00000061676
UTP18,ENSG00000011260
RBX1,ENSG00000100387
KDM6A,ENSG00000147050
SSR2,ENSG00000163479
ZFP91,ENSG00000186660
PSMD6,ENSG00000163636
ST7,ENSG00000004866
OSTC,ENSG00000198856
AGAP1,ENSG00000157985
GABRG2,ENSG00000113327
USP4,ENSG00000114316
USP22,ENSG00000124422
MRPS28,ENSG00000147586
MRPL51,ENSG00000111639
RNF6,ENSG00000127870
SET,ENSG00000119335
PSMA3,ENSG00000100567
CYCS,ENSG00000172115
RAP1A,ENSG00000116473
CLN3,ENSG00000188603
ARFGAP3,ENSG00000242247
MED10,ENSG00000133398
FOXP2,ENSG00000128573
RPS12,ENSG00000112306
PCDHA6,ENSG00000081842
RPN1,ENSG00000163902
EPN1,ENSG00000063245
NDUFB7,ENSG00000099795
SEMA6B,ENSG00000167680
CAPZA1,ENSG00000116489
EIF5B,ENSG00000158417
APRT,ENSG00000198931
SF1,ENSG00000168066
STXBP3,ENSG00000116266
ZBTB16,ENSG00000109906
CADM1,ENSG00000182985
OXTR,ENSG00000180914
CSNK1D,ENSG00000141551
SLC38A10,ENSG00000157637
STX5,ENSG00000162236
PDCD7,ENSG00000090470
SSR3,ENSG00000114850
C4B,ENSG00000224389
RTRAF,ENSG00000087302
KAT2B,ENSG00000114166
RCC2,ENSG00000179051
YWHAQ,ENSG00000134308
PEX7,ENSG00000112357
SLC6A8,ENSG00000130821
SEZ6L2,ENSG00000174938
BRK1,ENSG00000254999
PAX5,ENSG00000196092
MRPL44,ENSG00000135900
LSM1,ENSG00000175324
ADORA2A,ENSG00000128271
NDUFB6,ENSG00000165264
ACHE,ENSG00000087085
KMT5B,ENSG00000110066
GBF1,ENSG00000107862
SMARCA5,ENSG00000153147
ARFGAP2,ENSG00000149182
MPC2,ENSG00000143158
ZBTB21,ENSG00000173276
SLC39A13,ENSG00000165915
ERP29,ENSG00000089248
GRID1,ENSG00000182771
MRPS6,ENSG00000243927
HNRNPF,ENSG00000169813
ZWILCH,ENSG00000174442
GATD1,ENSG00000177225
DUSP11,ENSG00000144048
MAGEF1,ENSG00000177383
PTGES2,ENSG00000148334
MRPL36,ENSG00000171421
SRCAP,ENSG00000080603
ZFPL1,ENSG00000162300
MAPK3,ENSG00000102882
TXNDC9,ENSG00000115514
CEP41,ENSG00000106477
PUM2,ENSG00000055917
NR1H2,ENSG00000131408
DLX2,ENSG00000115844
DNAJC1,ENSG00000136770
NLGN3,ENSG00000196338
EMC4,ENSG00000128463
CHMP5,ENSG00000086065
CFAP36,ENSG00000163001
PSMB7,ENSG00000136930
SERINC1,ENSG00000111897
EGLN2,ENSG00000269858
ATP1A1,ENSG00000163399
RER1,ENSG00000157916
GNAI2,ENSG00000114353
DDA1,ENSG00000130311
SH3GL1,ENSG00000141985
ASH1L,ENSG00000116539
SF3B5,ENSG00000169976
ARNT2,ENSG00000172379
RPL7,ENSG00000147604
GRN,ENSG00000030582
JAK1,ENSG00000162434
NFYC,ENSG00000066136
NAPA,ENSG00000105402
ERGIC1,ENSG00000113719
EPPK1,ENSG00000261150
ANKS1B,ENSG00000185046
SZT2,ENSG00000198198
CERK,ENSG00000100422
SCAMP3,ENSG00000116521
CACNA1H,ENSG00000196557
MTPN,ENSG00000105887
SS18L2,ENSG00000008324
RGS7,ENSG00000182901
STAU1,ENSG00000124214
ETFB,ENSG00000105379
NOC2L,ENSG00000188976
SMG6,ENSG00000070366
HSP90AB1,ENSG00000096384
DDX1,ENSG00000079785
MEGF10,ENSG00000145794
MZT2B,ENSG00000152082
TMEM50A,ENSG00000183726
PDCD6,ENSG00000249915
ASPSCR1,ENSG00000169696
KCTD10,ENSG00000110906
PPP6R2,ENSG00000100239
FCRL6,ENSG00000181036
TMSB4X,ENSG00000205542
RAB11A,ENSG00000103769
USP15,ENSG00000135655
DHX38,ENSG00000140829
RAB13,ENSG00000143545
ANKFY1,ENSG00000185722
UBL3,ENSG00000122042
SSBP1,ENSG00000106028
AVPR1A,ENSG00000166148
TIMM13,ENSG00000099800
MRPL17,ENSG00000158042
TIMM10B,ENSG00000132286
RPL27,ENSG00000131469
SDCBP,ENSG00000137575
CDC123,ENSG00000151465
ZCRB1,ENSG00000139168
TSN,ENSG00000211460
ESYT1,ENSG00000139641
BBS4,ENSG00000140463
DPP10,ENSG00000175497
UBR4,ENSG00000127481
DNAJB11,ENSG00000090520
PSMC5,ENSG00000087191
FBN1,ENSG00000166147
SIAH2,ENSG00000181788
KDM2A,ENSG00000173120
YIF1A,ENSG00000174851
EXOC6,ENSG00000138190
ARHGEF9,ENSG00000131089
RPS6,ENSG00000137154
NCLN,ENSG00000125912
UNC80,ENSG00000144406
CASK,ENSG00000147044
CHAMP1,ENSG00000198824
NLGN2,ENSG00000169992
FBXO21,ENSG00000135108
BCL11A,ENSG00000119866
DERL1,ENSG00000136986
MRPL34,ENSG00000130312
PRDX6,ENSG00000117592
EEF1A1,ENSG00000156508
KDELR1,ENSG00000105438
CLPTM1L,ENSG00000049656
MET,ENSG00000105976
CHD1,ENSG00000153922
SIRT2,ENSG00000068903
EXOC3,ENSG00000180104
MAP4K4,ENSG00000071054
TOMM5,ENSG00000175768
CCT6A,ENSG00000146731
SPTAN1,ENSG00000197694
MRPL9,ENSG00000143436
TMEM230,ENSG00000089063
RUNX1T1,ENSG00000079102
MKRN2,ENSG00000075975
RNPS1,ENSG00000205937
SH3GLB1,ENSG00000097033
MAF1,ENSG00000179632
GDA,ENSG00000119125
PABPN1,ENSG00000100836
DLGAP4,ENSG00000080845
HIPK1,ENSG00000163349
PRRT2,ENSG00000167371
SEC11A,ENSG00000140612
PRR14L,ENSG00000183530
TERF2IP,ENSG00000166848
TSC22D4,ENSG00000166925
SLC25A12,ENSG00000115840
EXOSC4,ENSG00000178896
STXBP1,ENSG00000136854
SFPQ,ENSG00000116560
RAB2B,ENSG00000129472
KDM6B,ENSG00000132510
CD99,ENSG00000292348
ERAL1,ENSG00000132591
SLC25A39,ENSG00000013306
RPL23A,ENSG00000198242
SIN3B,ENSG00000127511
NAV3,ENSG00000067798
ZRANB1,ENSG00000019995
GPC6,ENSG00000183098
USP7,ENSG00000187555
ALKBH5,ENSG00000091542
HYDIN,ENSG00000157423
ANKRD10,ENSG00000088448
KCNC1,ENSG00000129159
AHCYL1,ENSG00000168710
TPP2,ENSG00000134900
DEXI,ENSG00000182108
EID2,ENSG00000176396
PSMD14,ENSG00000115233
DDX3X,ENSG00000215301
ATP6V1G1,ENSG00000136888
KLF16,ENSG00000129911
CNGB3,ENSG00000170289
IPO9,ENSG00000198700
PNISR,ENSG00000132424
RPS13,ENSG00000110700
MAFK,ENSG00000198517
KHSRP,ENSG00000088247
PCSK7,ENSG00000160613
MRPS7,ENSG00000125445
RPL23,ENSG00000125691
DDX49,ENSG00000105671
RPL27A,ENSG00000166441
SLTM,ENSG00000137776
APEH,ENSG00000164062
SRP14,ENSG00000140319
CD63,ENSG00000135404
FAM98A,ENSG00000119812
ZC3H4,ENSG00000130749
RIC8A,ENSG00000177963
ACBD3,ENSG00000182827
C11orf68,ENSG00000175573
NOP58,ENSG00000055044
BAZ2B,ENSG00000123636
RERE,ENSG00000142599
ZFYVE26,ENSG00000072121
ARL1,ENSG00000120805
MARK1,ENSG00000116141
TBCEL,ENSG00000154114
MRPL54,ENSG00000183617
BRAF,ENSG00000157764
ANK2,ENSG00000145362
KDM5C,ENSG00000126012
ATP1A2,ENSG00000018625
TAF6,ENSG00000106290
HGS,ENSG00000185359
DLG2,ENSG00000150672
EP300,ENSG00000100393
CALCOCO1,ENSG00000012822
UBE2F,ENSG00000184182
TEX261,ENSG00000144043
NSD1,ENSG00000165671
HSF1,ENSG00000185122
KANK1,ENSG00000107104
SCN4A,ENSG00000007314
TRPC4AP,ENSG00000100991
BTBD2,ENSG00000133243
HNRNPH3,ENSG00000096746
SUMO1,ENSG00000116030
VKORC1,ENSG00000167397
LAPTM4A,ENSG00000068697
GALNT10,ENSG00000164574
KIF5C,ENSG00000168280
TOMM6,ENSG00000214736
CCDC9,ENSG00000105321
NCOA1,ENSG00000084676
KTN1,ENSG00000126777
FUBP1,ENSG00000162613
GNB1L,ENSG00000185838
PCDHA4,ENSG00000204967
TADA2B,ENSG00000173011
CDH9,ENSG00000113100
ERGIC3,ENSG00000125991
R3HCC1,ENSG00000104679
CTSZ,ENSG00000101160
DESI1,ENSG00000100418
LENG1,ENSG00000105617
PXDN,ENSG00000130508
SMYD5,ENSG00000135632
NRXN3,ENSG00000021645
SNX12,ENSG00000147164
RPL4,ENSG00000174444
NLGN4Y,ENSG00000165246
HLA-E,ENSG00000204592
WNT1,ENSG00000125084
EPHA1,ENSG00000146904
TSNAX,ENSG00000116918
YTHDC2,ENSG00000047188
SATB1,ENSG00000182568
HNRNPUL2,ENSG00000214753
UNC79,ENSG00000133958
AK2,ENSG00000004455
FRRS1L,ENSG00000260230
VPS37C,ENSG00000167987
UBR1,ENSG00000159459
FAN1,ENSG00000198690
CEP290,ENSG00000198707
EIF1B,ENSG00000114784
HERPUD1,ENSG00000051108
ST13,ENSG00000100380
CGGBP1,ENSG00000163320
CYP11B1,ENSG00000160882
RSL24D1,ENSG00000137876
MRFAP1L1,ENSG00000178988
TRPM1,ENSG00000134160
ZBTB38,ENSG00000177311
PSMD1,ENSG00000173692
SNX9,ENSG00000130340
OTUD7A,ENSG00000169918
ARL2,ENSG00000213465
RAB1A,ENSG00000138069
ZNF768,ENSG00000169957
FAM32A,ENSG00000105058
OPHN1,ENSG00000079482
PAPOLA,ENSG00000090060
DDC,ENSG00000132437
SYS1,ENSG00000204070
SYT17,ENSG00000103528
ISOC2,ENSG00000063241
NUCKS1,ENSG00000069275
WASHC3,ENSG00000120860
GLIS1,ENSG00000174332
MORF4L1,ENSG00000185787
SHISA5,ENSG00000164054
RPL10A,ENSG00000198755
ZNF706,ENSG00000120963
RPS24,ENSG00000138326
HDAC4,ENSG00000068024
FABP5,ENSG00000164687
DHCR7,ENSG00000172893
GHITM,ENSG00000165678
SNRPC,ENSG00000124562
PTMA,ENSG00000187514
IPO5,ENSG00000065150
ROBO2,ENSG00000185008
SLC25A5,ENSG00000005022
EIF4EBP3,ENSG00000243056
ATRX,ENSG00000085224
PLAUR,ENSG00000011422
DYNLT3,ENSG00000165169
IDH3B,ENSG00000101365
PNPO,ENSG00000108439
EEF1B2,ENSG00000114942
TAF7,ENSG00000178913
CDK2AP2,ENSG00000167797
FLOT2,ENSG00000132589
COA6,ENSG00000168275
PRICKLE1,ENSG00000139174
RNF135,ENSG00000181481
CDC37,ENSG00000105401
PRKAR1B,ENSG00000188191
CSGALNACT2,ENSG00000169826
RC3H2,ENSG00000056586
PIGA,ENSG00000165195
ARPC2,ENSG00000163466
DNLZ,ENSG00000213221
PLCD4,ENSG00000115556
PCIF1,ENSG00000100982
HRAS,ENSG00000174775
DMWD,ENSG00000185800
SHANK3,ENSG00000251322
HLA-DPB1,ENSG00000223865
ABAT,ENSG00000183044
PRPSAP1,ENSG00000161542
AHNAK,ENSG00000124942
MDGA2,ENSG00000139915
FTSJ3,ENSG00000108592
RPL5,ENSG00000122406
POLR1E,ENSG00000137054
TUBGCP5,ENSG00000275835
SRSF4,ENSG00000116350
RBM4,ENSG00000173933
ATP5PD,ENSG00000167863
UBE3C,ENSG00000009335
PPP1R11,ENSG00000204619
SLIRP,ENSG00000119705
INTS10,ENSG00000104613
RPS7,ENSG00000171863
PFDN5,ENSG00000123349
MCM4,ENSG00000104738
ADA,ENSG00000196839
NDUFB2,ENSG00000090266
ULK1,ENSG00000177169
UBE2M,ENSG00000130725
EMC7,ENSG00000134153
DOT1L,ENSG00000104885
ZNF559,ENSG00000188321
RNF11,ENSG00000123091
TAB1,ENSG00000100324
COPS2,ENSG00000166200
DNER,ENSG00000187957
HLA-C,ENSG00000204525
DOCK8,ENSG00000107099
AAMP,ENSG00000127837
BTG1,ENSG00000133639
CIRBP,ENSG00000099622
WWOX,ENSG00000186153
TAX1BP3,ENSG00000213977
ELK1,ENSG00000126767
BANF1,ENSG00000175334
RPL32,ENSG00000144713
DOCK4,ENSG00000128512
PTBP2,ENSG00000117569
SLC39A1,ENSG00000143570
KLHDC10,ENSG00000128607
